City_ID,City,Country,Date,Lat,Lng,Max Temp,Humidity,Cloudiness,Wind Speed
0,Cidreira,BR,2023-01-19 22:03:05,-30.1811,-50.2056,74.64,87,76,14.18
1,Kruisfontein,ZA,2023-01-19 22:03:05,-34.0033,24.7314,68.88,92,1,4.85
2,Rikitea,PF,2023-01-19 21:59:39,-23.1203,-134.9692,77.67,71,99,1.54
3,Krasnozavodsk,RU,2023-01-19 22:03:06,56.45,38.2167,34.14,98,100,14.0
4,Seoul,KR,2023-01-19 22:03:07,37.5683,126.9778,33.19,57,68,14.34
5,Jamestown,US,2023-01-19 21:57:22,42.097,-79.2353,45.99,59,96,1.99
6,Nikolskoye,RU,2023-01-19 22:03:08,59.7035,30.7861,33.8,93,100,3.96
7,Bredasdorp,ZA,2023-01-19 22:03:08,-34.5322,20.0403,66.72,83,2,1.32
8,Silvino Lobos,PH,2023-01-19 22:03:09,12.3,124.8333,73.74,99,92,4.29
9,Ngunguru,NZ,2023-01-19 22:03:09,-35.6167,174.5,70.48,63,6,5.97
10,Iqaluit,CA,2023-01-19 22:03:09,63.7506,-68.5145,-9.31,76,100,0.0
11,Tateyama,JP,2023-01-19 22:03:10,34.9833,139.8667,42.1,77,90,5.03
12,Qaanaaq,GL,2023-01-19 22:03:11,77.484,-69.3632,-30.64,51,0,7.05
13,Rio Grande,BR,2023-01-19 22:03:11,-32.035,-52.0986,77.11,76,51,14.97
14,Petropavlovsk-Kamchatskiy,RU,2023-01-19 22:03:12,53.0452,158.6483,10.99,67,75,4.47
15,Altay,CN,2023-01-19 22:03:12,47.8667,88.1167,-6.68,77,10,5.61
16,Bambous Virieux,MU,2023-01-19 22:03:13,-20.3428,57.7575,77.25,94,75,6.91
17,Tasiilaq,GL,2023-01-19 22:03:13,65.6145,-37.6368,10.56,96,100,2.06
18,Oktyabrskiy,RU,2023-01-19 22:03:14,54.4815,53.471,-2.67,85,20,4.83
19,Avarua,CK,2023-01-19 22:03:14,-21.2078,-159.775,82.45,78,40,18.41
20,Provideniya,RU,2023-01-19 21:59:43,64.3833,-173.3,-14.69,70,0,4.47
21,Vardo,NO,2023-01-19 22:03:15,70.3705,31.1107,24.78,74,100,13.8
22,Sydney Mines,CA,2023-01-19 22:03:16,46.2367,-60.2177,35.91,84,78,8.99
23,Nyurba,RU,2023-01-19 22:03:16,63.2842,118.3319,-40.07,100,98,1.1
24,Dunmore Town,BS,2023-01-19 22:03:16,25.5,-76.65,75.45,63,63,8.72
25,Moerai,PF,2023-01-19 22:03:17,-22.4333,-151.3333,78.28,78,12,12.03
26,Mataura,NZ,2023-01-19 22:03:17,-46.1927,168.8643,70.21,36,69,4.23
27,Sanduleni,RO,2023-01-19 22:03:18,46.45,26.7333,46.9,81,75,3.44
28,Ankang,CN,2023-01-19 22:03:18,32.68,109.0172,36.37,54,65,1.34
29,Piacabucu,BR,2023-01-19 22:03:18,-10.4056,-36.4344,77.74,76,97,7.27
30,Reo,BF,2023-01-19 21:59:12,12.3167,-2.4667,75.92,14,37,8.5
31,Teshie,GH,2023-01-19 22:03:19,5.5836,-0.1072,81.52,80,5,8.3
32,Port Alfred,ZA,2023-01-19 22:03:20,-33.5906,26.891,70.18,96,57,1.99
33,Albany,US,2023-01-19 22:03:16,42.6001,-73.9662,35.22,92,100,2.59
34,Cayenne,GF,2023-01-19 21:59:10,4.9333,-52.3333,78.84,78,20,8.05
35,Yellowknife,CA,2023-01-19 22:03:21,62.456,-114.3525,14.56,85,39,5.99
36,Astoria,US,2023-01-19 22:03:21,46.1879,-123.8313,47.86,78,0,4.61
37,Hobart,AU,2023-01-19 21:57:58,-42.8794,147.3294,62.26,68,20,13.8
38,Hermanus,ZA,2023-01-19 22:03:22,-34.4187,19.2345,62.8,87,2,4.52
39,Longyearbyen,SJ,2023-01-19 21:59:38,78.2186,15.6401,31.84,64,40,20.71
40,Busselton,AU,2023-01-19 21:59:38,-33.65,115.3333,65.21,60,51,11.77
41,Yulara,AU,2023-01-19 22:03:23,-25.2406,130.9889,75.25,25,99,10.74
42,Punta Arenas,CL,2023-01-19 21:55:17,-53.15,-70.9167,59.11,72,75,4.61
43,Hasaki,JP,2023-01-19 22:03:24,35.7333,140.8333,41.22,86,100,10.29
44,Bubaque,GW,2023-01-19 22:03:24,11.2833,-15.8333,78.46,72,25,9.89
45,Machali,CL,2023-01-19 22:03:25,-34.1833,-70.6667,72.68,53,0,16.11
46,Quatre Cocos,MU,2023-01-19 22:03:25,-20.2078,57.7625,77.11,93,100,4.68
47,Ushuaia,AR,2023-01-19 22:04:26,-54.8,-68.3,51.67,82,100,2.48
48,Umm Lajj,SA,2023-01-19 22:04:26,25.0213,37.2685,72.3,56,0,6.24
49,Kabalo,CD,2023-01-19 22:04:27,-6.05,26.9167,69.39,94,98,0.6
50,Llanes,ES,2023-01-19 22:04:27,43.4198,-4.7549,54.9,84,98,18.23
51,Kloulklubed,PW,2023-01-19 22:04:28,7.0419,134.2556,81.88,79,71,19.91
52,Shirokiy,RU,2023-01-19 22:04:28,49.758,129.523,-28.97,88,99,9.06
53,Arcata,US,2023-01-19 22:00:55,40.8665,-124.0828,51.93,78,75,8.01
54,Faanui,PF,2023-01-19 22:04:29,-16.4833,-151.75,80.6,75,10,17.63
55,Trairi,BR,2023-01-19 22:02:07,-3.2778,-39.2689,78.44,78,99,7.18
56,Cherskiy,RU,2023-01-19 22:04:30,68.75,161.3,-30.89,96,100,4.23
57,Westonaria,ZA,2023-01-19 22:04:30,-26.3191,27.6486,70.09,56,19,2.8
58,Lewiston,US,2023-01-19 22:04:31,44.1003,-70.2148,36.05,74,100,1.95
59,Lewistown,US,2023-01-19 22:04:31,40.5992,-77.5714,42.24,96,100,0.0
60,Bengkulu,ID,2023-01-19 22:04:32,-3.8004,102.2655,72.19,94,100,4.54
61,Todos Santos,MX,2023-01-19 22:02:20,23.45,-110.2167,75.04,64,100,7.52
62,Lethem,GY,2023-01-19 22:04:32,3.3803,-59.7968,80.85,58,31,10.45
63,Los Llanos De Aridane,ES,2023-01-19 22:04:33,28.6585,-17.9182,59.13,74,75,21.85
64,Port Elizabeth,ZA,2023-01-19 22:04:33,-33.918,25.5701,71.1,90,14,7.0
65,Saint-Pierre,RE,2023-01-19 22:00:40,-21.3393,55.4781,76.68,83,0,4.61
66,Arraial Do Cabo,BR,2023-01-19 22:04:34,-22.9661,-42.0278,76.86,83,40,17.27
67,Puerto Ayora,EC,2023-01-19 22:02:37,-0.7393,-90.3518,78.55,89,61,5.99
68,Masvingo,ZW,2023-01-19 22:04:35,-20.0637,30.8277,68.36,75,90,4.72
69,Carnarvon,AU,2023-01-19 22:04:35,-24.8667,113.6333,74.79,81,0,6.24
70,North Bend,US,2023-01-19 22:04:36,43.4065,-124.2243,51.24,88,20,3.44
71,Road Town,VG,2023-01-19 22:04:36,18.4167,-64.6167,78.89,83,40,4.61
72,Bluff,NZ,2023-01-19 22:04:37,-46.6,168.3333,58.93,84,91,19.82
73,Stratonion,GR,2023-01-19 22:04:37,40.5141,23.8247,62.22,82,100,18.92
74,Flinders,AU,2023-01-19 22:04:38,-34.5833,150.8552,66.18,81,99,5.99
75,Saint-Augustin,CA,2023-01-19 22:04:38,51.226,-58.6502,25.81,70,100,19.82
76,Saint-Philippe,RE,2023-01-19 22:04:39,-21.3585,55.7679,76.59,93,100,13.33
77,Hilo,US,2023-01-19 22:04:16,19.7297,-155.09,80.33,73,75,11.5
78,Zhigansk,RU,2023-01-19 22:04:40,66.7697,123.3711,-52.28,100,59,3.74
79,Sokoni,TZ,2023-01-19 22:04:40,-6.4333,39.55,81.1,79,100,9.95
80,Hambantota,LK,2023-01-19 22:04:41,6.1241,81.1185,66.54,94,20,5.75
81,Magistralnyy,RU,2023-01-19 22:04:41,56.1725,107.4458,-22.32,99,100,2.46
82,Luderitz,NA,2023-01-19 22:04:42,-26.6481,15.1594,66.2,78,3,16.06
83,Chokurdakh,RU,2023-01-19 21:59:46,70.6333,147.9167,-35.45,99,51,5.82
84,Zolochiv,UA,2023-01-19 22:04:42,49.806,24.8944,37.54,89,100,9.26
85,Khatanga,RU,2023-01-19 22:04:43,71.9667,102.5,-42.18,96,9,4.61
86,Vaini,TO,2023-01-19 22:04:43,-21.2,-175.2,86.16,79,40,13.8
87,Siavonga,ZM,2023-01-19 22:04:44,-16.5382,28.7088,73.13,90,100,5.32
88,Upernavik,GL,2023-01-19 22:04:44,72.7868,-56.1549,-11.81,97,100,8.52
89,Komsomolskiy,UZ,2023-01-19 22:04:45,40.4272,71.7189,20.12,79,3,6.91
90,Chuy,UY,2023-01-19 22:04:45,-33.6971,-53.4616,74.32,66,81,12.59
91,Shakiso,ET,2023-01-19 22:04:46,5.75,38.9167,56.08,32,73,4.65
92,Victoria,HK,2023-01-19 22:02:59,22.2855,114.1577,63.25,66,69,10.0
93,Vila Franca Do Campo,PT,2023-01-19 22:04:46,37.7167,-25.4333,55.81,83,48,3.89
94,Butaritari,KI,2023-01-19 22:04:47,3.0707,172.7902,80.89,81,87,18.84
95,Solnechnyy,RU,2023-01-19 22:05:47,50.7214,136.6319,-16.42,95,100,4.9
96,Touros,BR,2023-01-19 22:05:48,-5.1989,-35.4608,79.5,77,39,11.9
97,Cabedelo,BR,2023-01-19 22:05:48,-6.9811,-34.8339,79.47,80,55,8.88
98,Sao Gotardo,BR,2023-01-19 22:05:49,-19.3111,-46.0489,69.04,77,75,2.19
99,Taoudenni,ML,2023-01-19 22:05:49,22.6783,-3.9836,67.55,21,10,10.13
100,Makarov,RU,2023-01-19 22:05:50,48.6333,142.8,4.35,95,100,10.42
101,East London,ZA,2023-01-19 22:05:50,-33.0153,27.9116,73.27,92,91,10.94
102,Qinzhou,CN,2023-01-19 22:05:51,21.95,108.6167,50.56,60,3,5.91
103,Kemijarvi,FI,2023-01-19 22:05:51,66.7131,27.4306,23.56,94,100,4.81
104,Kaitangata,NZ,2023-01-19 22:05:52,-46.2817,169.8464,69.48,59,88,1.95
105,Leningradskiy,RU,2023-01-19 22:05:52,69.3833,178.4167,-17.07,98,100,13.38
106,Bay-Khaak,RU,2023-01-19 22:05:53,51.1667,94.5,0.77,98,100,2.04
107,Olinda,BR,2023-01-19 22:05:23,-8.0089,-34.8553,82.13,69,40,6.91
108,El Alto,PE,2023-01-19 22:05:53,-4.2714,-81.2147,76.66,68,92,6.73
109,Sao Filipe,CV,2023-01-19 22:05:54,14.8961,-24.4956,74.39,70,28,15.68
110,Alyangula,AU,2023-01-19 22:05:55,-13.8483,136.4192,82.96,76,100,10.74
111,Nawada,IN,2023-01-19 22:05:55,24.8833,85.5333,49.03,44,1,2.64
112,Olafsvik,IS,2023-01-19 22:05:56,64.8945,-23.7142,30.76,75,100,19.3
113,New Norfolk,AU,2023-01-19 22:05:56,-42.7826,147.0587,62.92,57,10,3.09
114,Klaksvik,FO,2023-01-19 22:05:56,62.2266,-6.589,31.12,64,100,17.87
115,Airai,TL,2023-01-19 21:59:47,-8.9266,125.4092,60.48,94,97,1.81
116,Ribeira Grande,PT,2023-01-19 22:05:57,38.5167,-28.7,59.77,73,70,15.99
117,Coquimbo,CL,2023-01-19 21:59:47,-29.9533,-71.3436,71.33,56,0,10.36
118,Umba,RU,2023-01-19 22:05:58,66.6871,34.3429,32.2,99,100,6.93
119,Saravan,AM,2023-01-19 22:05:58,39.7196,45.6483,25.45,57,0,6.6
120,Vila Velha,BR,2023-01-19 22:05:59,-20.3297,-40.2925,78.75,88,75,6.91
121,Tuktoyaktuk,CA,2023-01-19 22:05:59,69.4541,-133.0374,-10.35,100,91,7.78
122,Castro,BR,2023-01-19 22:01:59,-24.7911,-50.0119,64.98,95,79,6.35
123,Korcula,HR,2023-01-19 22:06:00,42.9622,17.1369,53.91,55,100,2.93
124,Do Gonbadan,IR,2023-01-19 22:06:00,30.3586,50.7981,49.48,57,0,3.06
125,Alofi,NU,2023-01-19 22:06:01,-19.0595,-169.9187,85.89,70,75,11.5
126,Atuona,PF,2023-01-19 22:06:01,-9.8,-139.0333,79.21,75,33,18.07
127,Belaya Gora,RU,2023-01-19 22:06:02,68.5333,146.4167,-39.77,100,100,3.83
128,Gualaquiza,EC,2023-01-19 22:06:03,-3.4,-78.55,63.1,100,100,0.81
129,Bethel,US,2023-01-19 22:06:03,41.3712,-73.414,38.19,86,100,5.75
130,Prince Rupert,CA,2023-01-19 22:06:03,54.3161,-130.3201,39.29,93,100,17.27
131,Isangel,VU,2023-01-19 22:06:04,-19.55,169.2667,79.74,69,13,9.69
132,Biltine,TD,2023-01-19 22:06:04,14.5333,20.9167,73.67,18,5,6.06
133,Milkovo,RU,2023-01-19 22:06:05,54.7167,158.6167,-11.47,96,100,1.77
134,Beloha,MG,2023-01-19 22:06:05,-25.1667,45.05,74.16,71,100,16.13
135,Lixourion,GR,2023-01-19 22:06:06,38.2019,20.4314,56.95,84,100,18.28
136,Ostrovnoy,RU,2023-01-19 21:59:44,68.0531,39.5131,34.84,92,84,21.56
137,Chapais,CA,2023-01-19 22:06:07,49.7834,-74.8492,5.4,97,52,4.12
138,Cape Town,ZA,2023-01-19 22:05:50,-33.9258,18.4232,70.09,77,3,5.99
139,Benicarlo,ES,2023-01-19 22:06:09,40.4165,0.4271,58.24,57,84,15.3
140,Codrington,AU,2023-01-19 22:07:09,-38.2667,141.9667,59.16,72,100,10.71
141,Lubango,AO,2023-01-19 22:07:09,-14.9172,13.4925,59.92,81,100,3.15
142,Hofn,IS,2023-01-19 22:07:10,64.2539,-15.2082,26.29,95,100,11.79
143,Marsabit,KE,2023-01-19 22:07:10,2.3284,37.9899,70.12,43,73,9.46
144,Zhangjiakou,CN,2023-01-19 22:07:11,40.81,114.8794,-0.53,70,0,3.83
145,Yangjiang,CN,2023-01-19 22:07:11,21.85,111.9667,54.59,79,27,5.84
146,Mayor Pablo Lagerenza,PY,2023-01-19 22:07:12,-19.9309,-60.7718,91.09,43,99,9.91
147,Kamenka,RU,2023-01-19 22:07:12,51.3223,42.7678,24.06,78,76,15.82
148,La Palma,US,2023-01-19 22:07:13,33.8464,-118.0467,62.19,67,75,10.36
149,Barrow,US,2023-01-19 22:07:13,71.2906,-156.7887,-9.38,77,100,10.36
150,Binzhou,CN,2023-01-19 22:07:14,37.3667,118.0167,20.91,35,1,7.43
151,Coahuayana,MX,2023-01-19 22:07:14,18.7333,-103.6833,80.8,59,70,6.51
152,Treinta Y Tres,UY,2023-01-19 22:06:14,-33.2333,-54.3833,79.36,49,81,15.77
153,Omboue,GA,2023-01-19 22:07:15,-1.5746,9.2618,75.74,91,100,6.89
154,Xining,CN,2023-01-19 22:07:15,36.6167,101.7667,5.74,64,95,2.1
155,Dubovka,RU,2023-01-19 22:07:16,49.0583,44.829,18.55,93,10,8.34
156,La Romana,DO,2023-01-19 22:07:16,18.4273,-68.9728,80.96,69,20,9.22
157,Faya,SA,2023-01-19 22:07:17,18.3851,42.4509,55.53,78,14,3.06
158,Tobol,KZ,2023-01-19 22:07:17,52.6844,62.5794,-4.5,86,27,4.29
159,Buchanan,LR,2023-01-19 22:07:18,5.8808,-10.0467,79.05,89,48,5.77
160,Labytnangi,RU,2023-01-19 22:07:18,66.6572,66.4183,-7.37,100,33,3.09
161,Puerto Del Rosario,ES,2023-01-19 22:07:19,28.5004,-13.8627,64.15,72,75,27.63
162,Hansot,IN,2023-01-19 22:07:19,21.5833,72.8,65.37,49,14,3.44
163,Mitsamiouli,KM,2023-01-19 22:07:20,-11.3847,43.2844,81.63,77,100,11.23
164,Yar-Sale,RU,2023-01-19 22:07:20,66.8333,70.8333,-2.78,100,99,8.37
165,Walvis Bay,NA,2023-01-19 22:07:21,-22.9575,14.5053,65.62,86,20,9.01
166,Pokaran,IN,2023-01-19 22:07:21,26.9167,71.9167,51.67,70,88,15.26
167,Richards Bay,ZA,2023-01-19 22:07:22,-28.783,32.0377,78.22,88,57,6.22
168,Kamskiye Polyany,RU,2023-01-19 22:07:22,55.4307,51.4171,1.15,87,99,5.23
169,Kapaa,US,2023-01-19 22:07:23,22.0752,-159.319,79.12,86,100,8.05
170,Lyubinskiy,RU,2023-01-19 22:07:23,55.1542,72.6925,8.28,94,95,7.14
171,Mocuba,MZ,2023-01-19 22:07:24,-16.8392,36.9856,72.3,95,92,1.66
172,Markova,UA,2023-01-19 22:07:24,48.6758,24.4138,42.01,79,91,5.93
173,Nome,US,2023-01-19 22:05:16,64.5011,-165.4064,-16.83,76,0,0.0
174,Nyuksenitsa,RU,2023-01-19 22:07:25,60.4128,44.2397,30.81,94,100,11.14
175,Ahipara,NZ,2023-01-19 22:07:26,-35.1667,173.1667,70.59,66,2,9.26
176,Sonoita,MX,2023-01-19 22:07:26,31.85,-112.8333,58.01,26,4,5.32
177,Pueblo Nuevo,MX,2023-01-19 22:07:27,23.3833,-105.3833,64.38,20,69,6.98
178,Kununurra,AU,2023-01-19 22:07:27,-15.7667,128.7333,76.98,88,100,6.91
179,Ugoofaaru,MV,2023-01-19 22:07:28,5.6667,73.0,79.34,67,0,16.17
180,Mar Del Plata,AR,2023-01-19 22:07:28,-38.0023,-57.5575,77.83,88,33,21.99
181,Ranau,MY,2023-01-19 22:07:29,5.9538,116.6641,67.53,97,100,0.6
182,Byron Bay,AU,2023-01-19 22:07:29,-28.65,153.6167,69.71,92,100,4.45
183,Norman Wells,CA,2023-01-19 22:07:30,65.282,-126.8329,-8.72,99,19,1.95
184,Naze,JP,2023-01-19 22:07:31,28.3667,129.4833,53.89,63,5,10.63
185,Muisne,EC,2023-01-19 22:07:31,0.6,-80.0333,78.89,76,84,8.14
186,Dikson,RU,2023-01-19 22:07:31,73.5069,80.5464,-28.39,94,8,4.32
187,Korla,CN,2023-01-19 21:59:44,41.7597,86.1469,5.59,83,3,0.92
188,Pozo Colorado,PY,2023-01-19 22:08:32,-23.4923,-58.7972,93.99,37,55,4.21
189,Baruun-Urt,MN,2023-01-19 22:08:33,46.6806,113.2792,-17.16,90,4,8.95
190,Mildura,AU,2023-01-19 22:08:33,-34.2,142.15,60.08,63,7,13.98
191,Baykit,RU,2023-01-19 22:08:34,61.67,96.37,-43.76,97,96,4.59
192,Ornskoldsvik,SE,2023-01-19 22:08:34,63.2909,18.7153,29.35,100,75,3.44
193,Kodiak,US,2023-01-19 22:08:35,57.79,-152.4072,36.91,93,100,11.5
194,Homer,US,2023-01-19 22:08:35,59.6425,-151.5483,32.81,82,100,17.0
195,Kozluk,TR,2023-01-19 22:08:36,38.1938,41.4885,30.45,51,6,5.75
196,Ponta Do Sol,PT,2023-01-19 22:08:36,32.6667,-17.1,62.71,68,43,8.9
197,Teguldet,RU,2023-01-19 22:08:37,57.3064,88.1667,6.17,96,100,5.53
198,Mwene-Ditu,CD,2023-01-19 22:08:37,-7.0,23.45,66.07,93,98,1.54
199,Torbay,CA,2023-01-19 22:05:32,47.6666,-52.7314,37.58,93,75,14.97
200,Nelson Bay,AU,2023-01-19 22:08:38,-32.7167,152.15,70.0,86,92,11.01
201,Paamiut,GL,2023-01-19 22:08:39,61.994,-49.6678,14.5,78,88,23.26
202,Anqiu,CN,2023-01-19 22:08:39,36.4342,119.1925,24.84,40,0,8.01
203,Cabo San Lucas,MX,2023-01-19 22:08:40,22.8909,-109.9124,72.61,62,75,8.05
204,Ocampo,MX,2023-01-19 22:08:40,21.65,-101.5,72.01,14,84,13.2
205,Aksarka,RU,2023-01-19 22:08:40,66.5606,67.7975,-8.55,100,44,2.66
206,Requena,ES,2023-01-19 22:04:45,39.4883,-1.1004,44.53,89,90,31.9
207,Lavrentiya,RU,2023-01-19 22:08:41,65.5833,-171.0,-23.26,92,29,6.85
208,Vestmannaeyjar,IS,2023-01-19 22:08:42,63.4427,-20.2734,38.23,70,100,26.84
209,Nepomuceno,BR,2023-01-19 22:04:26,-21.2358,-45.2358,69.4,84,66,1.61
210,Bethal,ZA,2023-01-19 22:08:42,-26.4579,29.4655,67.55,62,97,4.88
211,Belmonte,BR,2023-01-19 22:04:28,-15.8631,-38.8828,77.04,82,42,6.08
212,The Valley,AI,2023-01-19 22:07:59,18.217,-63.0578,77.14,73,20,5.75
213,Taksimo,RU,2023-01-19 22:08:43,56.3444,114.8794,-39.95,93,75,1.39
214,Bontang,ID,2023-01-19 22:08:45,0.1333,117.5,75.76,90,100,3.94
215,Saskylakh,RU,2023-01-19 22:08:45,71.9167,114.0833,-42.11,100,81,4.29
216,La Ronge,CA,2023-01-19 22:08:46,55.1001,-105.2842,21.09,96,88,2.44
217,Ingham,US,2023-01-19 22:08:46,42.6,-84.3833,44.55,93,100,3.44
218,Katsuura,JP,2023-01-19 22:08:47,35.1333,140.3,45.39,85,100,7.11
219,Porto Velho,BR,2023-01-19 22:08:47,-8.7619,-63.9039,75.25,94,40,2.3
220,Kharitonovo,RU,2023-01-19 22:08:48,61.4009,47.4978,28.22,93,100,11.5
221,Ouidah,BJ,2023-01-19 22:07:08,6.3631,2.0851,80.44,80,87,9.8
222,Sambava,MG,2023-01-19 22:08:48,-14.2667,50.1667,74.77,87,100,13.71
223,Vaniyambadi,IN,2023-01-19 22:08:49,12.6833,78.6167,61.18,94,5,1.79
224,Tondon,GN,2023-01-19 22:08:49,10.3667,-13.35,70.97,70,82,1.57
225,Mahebourg,MU,2023-01-19 21:59:40,-20.4081,57.7,77.29,94,75,6.91
226,Praia Da Vitoria,PT,2023-01-19 22:08:50,38.7333,-27.0667,56.75,80,23,6.51
227,Itaituba,BR,2023-01-19 22:08:51,-4.2761,-55.9836,73.49,97,96,1.88
228,Port Hardy,CA,2023-01-19 22:06:46,50.6996,-127.4199,42.33,79,100,13.47
229,Conceicao Do Araguaia,BR,2023-01-19 22:08:52,-8.2578,-49.2647,70.93,94,100,2.93
230,Sterlitamak,RU,2023-01-19 22:08:52,53.6246,55.9502,-8.64,94,7,2.39
231,Krasnyy Chikoy,RU,2023-01-19 22:08:53,50.3643,108.7512,-17.81,96,100,2.01
232,Karacakoy,TR,2023-01-19 22:08:54,41.4029,28.3834,57.67,68,2,11.36
233,Gorodishche,RU,2023-01-19 22:08:55,48.8045,44.4744,18.48,79,0,11.18
234,Huarmey,PE,2023-01-19 22:09:55,-10.0681,-78.1522,73.27,72,78,8.21
235,Kenmare,IE,2023-01-19 22:09:55,51.8833,-9.5833,35.08,91,70,1.79
236,Puerto Cabezas,NI,2023-01-19 22:09:56,14.0351,-83.3888,79.05,80,25,7.85
237,Alappuzha,IN,2023-01-19 22:09:56,9.49,76.3264,71.2,70,11,8.12
238,Husavik,IS,2023-01-19 22:09:57,66.0449,-17.3389,16.2,84,100,9.37
239,Lorengau,PG,2023-01-19 22:09:57,-2.0226,147.2712,80.38,83,100,10.76
240,Kitale,KE,2023-01-19 22:09:58,1.0157,35.0062,55.58,73,34,1.3
241,Lhokseumawe,ID,2023-01-19 22:09:58,5.1801,97.1507,74.89,85,78,3.11
242,Mosquera,CO,2023-01-19 22:07:05,4.7059,-74.2302,53.69,87,75,10.36
243,Dingle,PH,2023-01-19 22:09:59,10.9995,122.6711,74.17,95,66,7.67
244,Tiksi,RU,2023-01-19 22:10:00,71.6872,128.8694,-27.99,100,87,3.33
245,Kubanskiy,RU,2023-01-19 22:10:00,45.9292,40.5806,36.68,80,12,12.77
246,Kalyazin,RU,2023-01-19 22:10:01,57.2403,37.8433,34.11,98,100,12.88
247,Broome,US,2023-01-19 22:10:01,42.2506,-75.833,39.7,91,100,10.36
248,Linxia,CN,2023-01-19 22:10:01,35.6003,103.2064,11.8,82,83,2.04
249,El Tigre,VE,2023-01-19 22:10:02,8.8875,-64.2454,82.06,49,75,11.03
250,Tahoua,NE,2023-01-19 22:10:03,14.8888,5.2692,71.22,16,0,10.2
251,Mataram,ID,2023-01-19 22:10:04,-8.5833,116.1167,76.01,90,100,3.27
252,Lebu,CL,2023-01-19 22:10:04,-37.6167,-73.65,62.38,77,34,5.64
253,Vanimo,PG,2023-01-19 22:10:04,-2.6741,141.3028,77.72,86,100,3.8
254,Saint-Joseph,RE,2023-01-19 22:10:05,-21.3667,55.6167,75.58,89,100,11.56
255,Deputatskiy,RU,2023-01-19 22:10:06,69.3,139.9,-30.62,98,12,4.61
256,Guayaramerin,BO,2023-01-19 22:10:08,-10.8368,-65.3614,78.08,79,70,1.81
257,Horta,PT,2023-01-19 22:10:09,38.5333,-28.6333,58.01,71,75,11.99
258,Muros,ES,2023-01-19 22:10:09,42.7762,-9.0603,56.08,93,100,15.88
259,Kirakira,SB,2023-01-19 22:10:10,-10.4544,161.9205,82.06,81,100,9.01
260,Ouadda,CF,2023-01-19 22:10:10,8.0777,22.4007,69.8,28,14,6.29
261,Manyana,BW,2023-01-19 22:10:11,-23.4,21.7167,73.65,49,34,6.22
262,Eregli,TR,2023-01-19 22:10:11,37.5133,34.0467,42.58,48,72,0.85
263,Kavieng,PG,2023-01-19 22:10:11,-2.5744,150.7967,82.29,75,91,4.05
264,Tuatapere,NZ,2023-01-19 22:10:12,-46.1333,167.6833,57.47,91,100,8.77
265,Takoradi,GH,2023-01-19 22:10:12,4.8845,-1.7554,80.38,85,22,8.14
266,Ola,RU,2023-01-19 22:10:13,59.5833,151.2833,-21.69,84,34,11.54
267,Mingguang,CN,2023-01-19 22:10:13,32.7802,117.9638,32.65,65,0,7.16
268,Tibati,CM,2023-01-19 22:10:14,6.4667,12.6333,72.23,22,33,5.35
269,Arlit,NE,2023-01-19 22:10:14,18.7369,7.3853,66.22,9,9,9.22
270,Sola,VU,2023-01-19 22:10:14,-13.8833,167.55,80.2,77,100,15.5
271,Westport,US,2023-01-19 22:06:39,41.1415,-73.3579,40.77,91,100,14.0
272,Shingu,JP,2023-01-19 22:10:15,33.7333,135.9833,40.44,80,4,7.11
273,Blyznyuky,UA,2023-01-19 22:10:16,48.8578,36.5551,40.44,68,90,16.96
274,Chengde,CN,2023-01-19 22:10:16,40.9725,117.9361,4.73,58,0,5.41
275,Timra,SE,2023-01-19 22:10:17,62.487,17.3257,20.88,93,0,3.44
276,Belle Glade,US,2023-01-19 22:10:17,26.6845,-80.6676,81.01,53,52,1.66
277,Ranot,TH,2023-01-19 22:10:18,7.7777,100.3213,79.11,77,98,11.48
278,Mindelo,CV,2023-01-19 22:10:18,16.8901,-24.9804,71.15,64,20,31.07
279,San Quintin,MX,2023-01-19 22:10:19,30.4833,-115.95,59.67,58,0,15.66
280,Vrbas,RS,2023-01-19 22:10:19,45.5714,19.6408,36.82,80,100,7.18
281,Lata,PT,2023-01-19 22:10:20,40.1629,-8.3327,55.08,96,100,11.12
282,Florianopolis,BR,2023-01-19 22:11:20,-27.6146,-48.5012,74.62,86,75,11.5
283,Puerto Escondido,MX,2023-01-19 22:11:21,15.85,-97.0667,83.23,69,75,8.05
284,Portobelo,PA,2023-01-19 22:11:21,9.55,-79.65,84.96,79,98,9.73
285,Kangavar,IR,2023-01-19 22:11:22,34.5043,47.9653,29.89,76,2,1.52
286,Mandal,IN,2023-01-19 22:11:22,25.45,74.5667,49.91,45,10,4.38
287,Beipiao,CN,2023-01-19 22:11:23,41.7919,120.7792,4.75,31,0,13.06
288,Grindavik,IS,2023-01-19 22:11:23,63.8424,-22.4338,34.27,86,100,24.16
289,Cosala,MX,2023-01-19 22:11:24,24.4125,-106.6908,78.31,27,100,4.41
290,Clyde River,CA,2023-01-19 22:11:25,70.4692,-68.5914,-26.52,97,89,3.83
291,Severo-Kurilsk,RU,2023-01-19 22:11:25,50.6789,156.125,18.46,62,99,24.85
292,Bend,US,2023-01-19 22:06:35,44.0582,-121.3153,40.86,46,0,8.05
293,Necochea,AR,2023-01-19 22:10:15,-38.5473,-58.7368,79.27,56,33,21.47
294,Barreirinhas,BR,2023-01-19 22:11:26,-2.7469,-42.8264,76.42,83,99,2.06
295,Tiznit,MA,2023-01-19 22:11:27,29.5833,-9.5,56.59,42,0,3.87
296,Pizhanka,RU,2023-01-19 22:11:27,57.4604,48.542,18.66,84,84,14.34
297,Sakhipur,BD,2023-01-19 22:11:28,24.3,90.1833,55.72,49,0,4.76
298,Gouyave,GD,2023-01-19 22:11:28,12.1646,-61.7296,77.02,76,41,20.04
299,Saint-Raphael,HT,2023-01-19 22:11:29,19.4333,-72.2,72.28,68,0,6.73
300,Berdigestyakh,RU,2023-01-19 22:11:29,62.0989,126.6992,-65.47,100,80,1.41
301,Avera,US,2023-01-19 22:11:30,33.194,-82.5271,71.65,68,84,15.93
302,Saldanha,ZA,2023-01-19 22:11:30,-33.0117,17.9442,64.47,94,0,10.2
303,Baghdad,IQ,2023-01-19 22:11:31,33.3406,44.4009,54.64,60,0,7.23
304,Cervo,ES,2023-01-19 22:11:32,43.6702,-7.4101,53.96,88,99,12.24
305,Jackson,US,2023-01-19 22:09:20,42.4165,-122.8345,44.71,75,40,3.44
306,Pangnirtung,CA,2023-01-19 22:11:32,66.1451,-65.7125,-20.49,88,32,5.41
307,Vimperk,CZ,2023-01-19 22:11:33,49.0586,13.7829,29.32,91,100,2.48
308,Celestun,MX,2023-01-19 22:11:34,20.8667,-90.4,78.4,78,5,11.7
309,San Cristobal,VE,2023-01-19 22:11:13,7.7669,-72.225,75.38,56,84,2.21
310,Sydney,AU,2023-01-19 22:08:00,-33.8679,151.2073,65.32,89,75,17.27
311,Aripuana,BR,2023-01-19 22:08:09,-9.1667,-60.6333,74.05,96,100,2.66
312,Geraldton,AU,2023-01-19 22:11:35,-28.7667,114.6,66.61,88,0,0.0
313,Tiarei,PF,2023-01-19 22:11:35,-17.5333,-149.3333,87.82,76,6,16.37
314,Pisco,PE,2023-01-19 22:11:36,-13.7,-76.2167,75.25,73,0,25.32
315,Araouane,ML,2023-01-19 22:11:36,18.9048,-3.5265,68.83,18,6,6.64
316,Tura,IN,2023-01-19 22:11:37,25.5198,90.2201,52.43,66,0,3.51
317,Puerto Carreno,CO,2023-01-19 22:11:38,6.189,-67.4859,88.09,41,88,13.38
318,Bandundu,CD,2023-01-19 22:11:38,-3.3167,17.3667,74.41,85,93,2.26
319,Birnin Kebbi,NG,2023-01-19 22:11:38,12.4539,4.1975,75.0,16,0,9.66
320,Kahului,US,2023-01-19 22:11:39,20.8947,-156.47,82.42,67,40,4.61
321,Bandarbeyla,SO,2023-01-19 22:11:39,9.4942,50.8122,76.41,69,60,22.44
322,Serchhip,IN,2023-01-19 22:11:40,23.3,92.8333,41.83,61,2,3.15
323,Tucumcari,US,2023-01-19 22:11:40,35.1717,-103.725,49.95,29,0,4.61
324,Fortuna,US,2023-01-19 22:11:41,40.5982,-124.1573,51.66,74,75,6.91
325,Carutapera,BR,2023-01-19 22:11:41,-1.195,-46.02,73.35,94,93,2.77
326,Narrabri,AU,2023-01-19 22:11:42,-30.3167,149.7833,74.52,61,19,5.01
327,Murchison,NZ,2023-01-19 22:12:42,-41.8,172.3333,73.36,44,29,3.89
328,Comodoro Rivadavia,AR,2023-01-19 22:09:17,-45.8667,-67.5,74.75,58,70,5.28
329,Yanam,IN,2023-01-19 22:12:43,16.7333,82.2167,67.42,92,31,1.81
330,Ancud,CL,2023-01-19 22:10:54,-41.8697,-73.8203,64.02,73,94,8.48
331,Kavaratti,IN,2023-01-19 22:12:44,10.5669,72.642,79.48,70,5,6.35
332,At-Bashi,KG,2023-01-19 22:12:44,41.1702,75.8106,-7.31,49,0,2.71
333,Madaripur,BD,2023-01-19 22:12:45,23.1753,90.2072,56.7,44,18,7.83
334,Ust-Kuyga,RU,2023-01-19 22:12:45,70.0167,135.6,-37.26,98,70,5.48
335,Pacific Grove,US,2023-01-19 22:12:13,36.6177,-121.9166,56.88,68,0,11.99
336,Luwuk,ID,2023-01-19 22:12:46,-0.9516,122.7875,77.2,80,97,3.15
337,Makat,KZ,2023-01-19 22:12:46,47.6469,53.3463,21.61,66,0,8.41
338,Tondano,ID,2023-01-19 22:12:46,1.3038,124.9112,68.09,90,100,2.51
339,Caninde,BR,2023-01-19 22:12:47,-4.3589,-39.3117,75.78,82,69,1.54
340,Charlestown,AU,2023-01-19 22:09:25,-32.95,151.6667,67.73,95,88,5.99
341,San Miguel,SV,2023-01-19 22:12:48,13.4833,-88.1833,92.28,27,5,4.76
342,Helong,CN,2023-01-19 22:12:48,42.5397,128.9972,10.69,80,84,12.35
343,Port Hedland,AU,2023-01-19 22:12:49,-20.3167,118.5667,80.65,94,75,3.44
344,Khandyga,RU,2023-01-19 22:12:25,62.6667,135.6,-64.62,100,77,1.23
345,Talnakh,RU,2023-01-19 22:12:50,69.4865,88.3972,-29.81,86,3,6.53
346,Perth,AU,2023-01-19 22:12:50,-31.9333,115.8333,71.78,59,0,12.66
347,Iberia,US,2023-01-19 22:12:50,29.9502,-91.7507,71.67,26,0,9.22
348,Yunyang,CN,2023-01-19 22:12:51,33.4474,112.7142,33.76,42,19,8.16
349,Saint George,US,2023-01-19 22:11:01,37.1041,-113.5841,44.44,59,100,5.01
350,Ubate,CO,2023-01-19 22:12:52,5.3093,-73.8157,56.98,88,97,1.12
351,Ozernovskiy,RU,2023-01-19 22:12:52,51.5,156.5167,17.98,74,100,19.66
352,Ntungamo,UG,2023-01-19 22:12:53,-0.8833,29.65,68.7,70,80,2.13
353,Kosa,RU,2023-01-19 22:12:53,59.9445,54.9977,13.84,88,100,8.61
354,Aksha,RU,2023-01-19 22:12:54,50.2814,113.2867,-23.69,96,35,3.06
355,Veraval,IN,2023-01-19 22:12:54,20.9,70.3667,65.57,46,53,11.07
356,Katherine,AU,2023-01-19 22:12:55,-14.4667,132.2667,75.52,94,100,0.0
357,Coihaique,CL,2023-01-19 22:08:16,-45.5752,-72.0662,89.55,14,0,6.91
358,Ajaccio,FR,2023-01-19 22:12:55,42.0,8.9167,41.05,81,100,5.75
359,Nanortalik,GL,2023-01-19 22:12:56,60.1432,-45.2371,27.59,96,100,5.88
360,Rawson,AR,2023-01-19 22:12:56,-43.3002,-65.1023,87.48,34,45,22.12
361,Chake Chake,TZ,2023-01-19 22:12:57,-5.2459,39.7666,77.43,83,100,5.55
362,Egvekinot,RU,2023-01-19 22:12:57,66.3167,-179.1667,-27.65,87,76,8.79
363,Cedar City,US,2023-01-19 22:12:58,37.6775,-113.0619,29.37,74,100,14.97
364,Dingzhou,CN,2023-01-19 22:12:58,38.5131,114.9956,18.84,24,0,1.32
365,Bilibino,RU,2023-01-19 22:12:59,68.0546,166.4372,-29.78,98,100,2.82
366,Yenagoa,NG,2023-01-19 22:13:00,4.9247,6.2642,80.06,79,98,4.7
367,Bayanday,RU,2023-01-19 22:13:00,53.0661,105.5139,-10.32,98,100,3.0
368,Namibe,AO,2023-01-19 22:13:01,-15.1961,12.1522,72.91,81,99,7.67
369,Lamu,KE,2023-01-19 22:13:01,-2.2717,40.902,79.02,79,98,13.96
370,Iranshahr,IR,2023-01-19 22:13:02,27.2025,60.6848,51.94,57,0,4.7
371,Thompson,CA,2023-01-19 22:13:02,55.7435,-97.8558,11.48,97,84,3.09
372,Lazaro Cardenas,MX,2023-01-19 22:09:16,17.9583,-102.2,79.05,60,56,7.07
373,Constitucion,CL,2023-01-19 22:13:03,-35.3333,-72.4167,63.21,73,62,7.94
374,Zimovniki,RU,2023-01-19 22:13:03,47.1483,42.4633,32.23,77,2,13.33
375,Hamilton,US,2023-01-19 22:09:31,39.1834,-84.5333,51.19,76,75,23.02
376,Port Augusta,AU,2023-01-19 22:14:04,-32.5,137.7667,65.79,41,55,7.52
377,Placido De Castro,BR,2023-01-19 22:14:05,-10.3353,-67.1856,75.65,96,96,3.18
378,Santiago De Cao,PE,2023-01-19 22:14:05,-7.9589,-79.2392,71.73,83,100,9.22
379,Sungaipenuh,ID,2023-01-19 22:14:06,-2.0833,101.3833,62.2,95,97,2.42
380,Miri,MY,2023-01-19 22:14:07,4.4148,114.0089,75.63,93,94,3.91
381,Sennan,JP,2023-01-19 22:14:07,34.3582,135.2837,45.84,61,75,10.36
382,Salym,RU,2023-01-19 22:14:08,60.0625,71.4789,7.77,98,100,1.23
383,Monrovia,LR,2023-01-19 22:14:08,6.3005,-10.7969,78.57,88,29,7.23
384,Nouakchott,MR,2023-01-19 22:10:27,18.0858,-15.9785,67.93,69,1,14.94
385,Koryukivka,UA,2023-01-19 22:14:09,51.7688,32.2481,46.08,91,100,17.25
386,Krasnoselkup,RU,2023-01-19 22:14:09,65.7,82.4667,-29.47,87,23,7.83
387,Mount Gambier,AU,2023-01-19 22:14:10,-37.8333,140.7667,58.64,65,100,8.21
388,Seryshevo,RU,2023-01-19 22:14:11,51.0933,128.3786,-35.32,88,81,6.93
389,Balkanabat,TM,2023-01-19 22:14:11,39.5108,54.3671,33.57,55,0,2.24
390,Hualmay,PE,2023-01-19 22:14:11,-11.0964,-77.6139,72.57,74,76,8.7
391,Lucea,JM,2023-01-19 22:14:12,18.451,-78.1736,81.86,70,22,13.33
392,Broken Hill,AU,2023-01-19 22:14:12,-31.95,141.4333,63.0,36,2,14.5
393,Cabo Rojo,PR,2023-01-19 22:10:56,18.0866,-67.1457,79.25,67,30,7.87
394,Bow Island,CA,2023-01-19 22:14:13,49.8668,-111.3684,23.63,82,98,9.53
395,Paredon,MX,2023-01-19 22:14:14,16.0333,-93.8667,82.18,56,44,8.99
396,Kargopol,RU,2023-01-19 22:14:14,61.5071,38.9456,33.46,86,100,10.98
397,Kyshtovka,RU,2023-01-19 22:14:14,56.555,76.6271,-1.52,100,93,4.16
398,Ambilobe,MG,2023-01-19 22:14:15,-13.2,49.05,75.0,91,100,10.74
399,Laguna,US,2023-01-19 22:14:16,38.421,-121.4238,54.1,73,20,13.8
400,Bocaiuva,BR,2023-01-19 22:10:32,-17.1078,-43.815,71.42,83,65,3.87
401,Beira,MZ,2023-01-19 22:14:16,-19.8436,34.8389,78.62,85,36,4.97
402,Samarai,PG,2023-01-19 22:14:17,-10.6167,150.6667,80.85,79,99,8.34
403,Phan Thiet,VN,2023-01-19 22:14:17,10.9333,108.1,72.64,85,87,3.53
404,Misratah,LY,2023-01-19 22:14:18,32.3754,15.0925,56.01,53,7,21.59
405,Erzin,TR,2023-01-19 22:14:18,36.9559,36.2,53.11,72,6,5.14
406,Andros Town,BS,2023-01-19 22:14:19,24.7,-77.7667,75.16,59,4,11.23
407,Northam,GB,2023-01-19 22:14:19,51.0333,-4.2167,42.62,76,8,9.19
408,Wellington,NZ,2023-01-19 22:14:20,-41.2866,174.7756,72.59,75,40,20.71
409,Ulaangom,MN,2023-01-19 22:14:20,49.9811,92.0667,-6.63,84,75,2.93
410,Abu Dhabi,AE,2023-01-19 22:10:18,24.4667,54.3667,64.96,68,0,10.07
411,Bayreuth,DE,2023-01-19 22:13:48,49.9481,11.5783,31.51,96,100,2.51
412,Alenquer,BR,2023-01-19 22:14:21,-1.9417,-54.7383,77.25,77,21,6.13
413,Charleville,AU,2023-01-19 22:14:22,-26.4,146.25,79.47,51,0,11.7
414,Verkhnyaya Inta,RU,2023-01-19 22:14:22,65.9811,60.3094,18.93,91,100,4.92
415,Obsharovka,RU,2023-01-19 22:14:23,53.125,48.8531,-0.92,95,6,3.96
416,Sitka,US,2023-01-19 22:14:23,57.0531,-135.33,42.69,81,100,10.36
417,Hami,CN,2023-01-19 22:14:24,42.8,93.45,15.21,51,5,4.14
418,Vaitape,PF,2023-01-19 22:14:24,-16.5167,-151.75,80.6,75,10,17.58
419,Diamantino,BR,2023-01-19 22:12:48,-14.4086,-56.4461,75.97,77,73,1.25
420,Zeya,RU,2023-01-19 22:14:26,53.75,127.2667,-43.17,89,63,4.29
421,Sao Joao Da Barra,BR,2023-01-19 22:14:26,-21.6403,-41.0511,78.89,86,85,11.21
422,Bonavista,CA,2023-01-19 22:15:27,48.6499,-53.1147,32.76,96,100,14.5
423,Bathsheba,BB,2023-01-19 22:15:27,13.2167,-59.5167,79.41,65,20,19.57
424,Comrat,MD,2023-01-19 22:15:28,46.3003,28.6572,54.5,73,87,18.01
425,Sept-Iles,CA,2023-01-19 22:15:30,50.2001,-66.3821,25.05,70,98,11.5
426,Vodstroy,RU,2023-01-19 22:15:31,48.8416,44.5579,17.89,79,0,11.18
427,Teguise,ES,2023-01-19 22:15:32,29.0605,-13.564,59.22,67,20,21.85
428,Lompoc,US,2023-01-19 22:15:32,34.6391,-120.4579,59.02,75,87,5.01
429,Georgetown,MY,2023-01-19 22:15:10,5.4112,100.3354,80.53,69,20,2.3
430,Kalmunai,LK,2023-01-19 22:15:33,7.4167,81.8167,76.8,59,85,11.16
431,Matagami,CA,2023-01-19 22:15:33,49.7502,-77.6328,11.89,94,100,8.08
432,Mackenzie,CA,2023-01-19 22:15:34,55.2999,-123.1698,26.82,80,100,9.22
433,Cam Ranh,VN,2023-01-19 22:15:34,11.9214,109.1591,75.16,69,75,16.11
434,Nemuro,JP,2023-01-19 22:14:28,43.3236,145.575,28.08,95,100,21.99
435,Aitape,PG,2023-01-19 22:15:35,-3.1374,142.3475,78.91,81,100,4.41
436,Camaguey,CU,2023-01-19 22:15:35,21.3808,-77.9169,82.74,54,40,14.97
437,Odoyev,RU,2023-01-19 22:15:36,53.9393,36.6864,37.54,88,100,17.11
438,Honiara,SB,2023-01-19 22:15:32,-9.4333,159.95,82.78,76,100,5.17
439,Siparia,TT,2023-01-19 22:15:37,10.1333,-61.5,76.82,76,32,12.35
440,Kerchevskiy,RU,2023-01-19 22:15:37,59.946,56.2884,6.69,93,100,7.61
441,Catio,GW,2023-01-19 22:15:38,11.2833,-15.25,74.3,67,36,5.46
442,Sterling,US,2023-01-19 22:11:19,39.0062,-77.4286,44.91,91,100,5.99
443,Cerrito,CO,2023-01-19 22:11:46,6.8432,-72.694,56.66,84,83,2.21
444,Bandar-E Lengeh,IR,2023-01-19 22:15:39,26.5579,54.8807,66.18,61,0,5.59
445,Tazovskiy,RU,2023-01-19 22:15:39,67.4667,78.7,-26.03,91,22,8.28
446,Storebo,NO,2023-01-19 22:15:40,60.0948,5.2271,31.26,90,8,5.17
447,Yumen,CN,2023-01-19 22:15:40,40.2833,97.2,9.81,59,0,20.2
448,Sorland,NO,2023-01-19 22:15:41,67.667,12.6934,37.26,82,100,21.68
449,Grand Gaube,MU,2023-01-19 22:15:41,-20.0064,57.6608,77.4,89,100,5.99
450,Manuk Mangkaw,PH,2023-01-19 22:15:42,4.8,119.85,80.96,75,91,5.99
451,Dalvik,IS,2023-01-19 22:15:42,65.9702,-18.5286,10.33,80,100,8.88
452,Zuya,UA,2023-01-19 22:15:43,45.0531,34.3154,50.63,52,14,8.93
453,Naliya,IN,2023-01-19 22:15:43,23.2667,68.8333,57.78,49,9,18.12
454,Pangoa,PE,2023-01-19 22:15:44,-12.1167,-73.0,69.96,92,97,2.01
455,Ilhabela,BR,2023-01-19 22:11:53,-23.7781,-45.3581,76.15,88,70,4.9
456,Murray Bridge,AU,2023-01-19 22:15:45,-35.1167,139.2667,60.12,61,78,7.81
457,Ilulissat,GL,2023-01-19 22:15:45,69.2167,-51.1,-35.97,76,1,5.88
458,Wanning,CN,2023-01-19 22:15:46,18.8003,110.3967,59.52,84,84,10.47
459,Dzilam Gonzalez,MX,2023-01-19 22:15:46,21.2833,-88.9333,83.53,63,99,4.05
460,Rawah,IQ,2023-01-19 22:15:47,34.4816,41.9093,52.68,69,0,4.92
461,Liku,ID,2023-01-19 22:15:47,-0.7275,119.8922,73.76,94,100,1.63
462,Camacha,PT,2023-01-19 22:15:48,33.0833,-16.3333,56.62,72,75,10.36
463,Santa Cruz De La Palma,ES,2023-01-19 22:15:48,28.6835,-17.7642,63.14,77,75,21.85
464,Asau,RO,2023-01-19 22:15:49,46.4333,26.4,45.52,80,98,3.98
465,Sile,TR,2023-01-19 22:15:49,41.1754,29.6133,57.87,55,3,1.01
466,Mitrofanovka,RU,2023-01-19 22:15:49,49.9708,39.6939,31.28,85,81,14.16
467,Puerto Madero,MX,2023-01-19 22:15:50,14.7208,-92.4215,84.4,58,20,9.22
468,Marzuq,YE,2023-01-19 22:15:50,14.4,46.4667,57.78,61,29,2.51
469,Ayan,RU,2023-01-19 22:15:51,56.45,138.1667,-27.65,75,96,10.09
470,Mantua,IT,2023-01-19 22:16:51,45.1667,10.7833,38.98,93,99,1.01
471,Conceicao Da Barra,BR,2023-01-19 22:16:52,-18.5933,-39.7322,75.96,83,32,6.33
472,Chimbote,PE,2023-01-19 22:16:52,-9.0853,-78.5783,73.04,69,93,7.63
473,San Patricio,US,2023-01-19 22:16:53,28.017,-97.5169,75.29,22,50,10.09
474,Zhob,PK,2023-01-19 22:16:53,31.3411,69.4481,38.14,88,99,2.17
475,Ramgarh,IN,2023-01-19 22:16:54,23.6333,85.5167,57.25,29,1,3.24
476,Caravelas,BR,2023-01-19 22:16:54,-17.7125,-39.2481,76.41,83,54,5.41
477,Abu Samrah,SY,2023-01-19 22:16:54,35.3029,37.1841,50.31,67,0,5.97
478,Filadelfia,US,2023-01-19 22:16:48,39.9523,-75.1638,45.23,93,100,13.8
479,Ulundi,ZA,2023-01-19 22:16:55,-28.3352,31.4162,70.83,98,50,2.73
480,Aztec,US,2023-01-19 22:16:56,36.8222,-107.9929,35.01,66,88,6.24
481,Tupik,RU,2023-01-19 22:16:56,54.4253,119.9327,-52.17,100,80,1.25
482,Kiruna,SE,2023-01-19 22:16:57,67.8557,20.2251,9.52,85,0,6.91
483,Camopi,GF,2023-01-19 22:16:57,3.1655,-52.3158,72.32,98,40,2.66
484,Adrar,MR,2023-01-19 22:16:57,20.5022,-10.0711,64.35,35,17,8.63
485,Marrakesh,MA,2023-01-19 22:12:49,31.6315,-8.0083,51.87,58,0,8.05
486,Axim,GH,2023-01-19 22:16:59,4.8699,-2.2405,80.1,84,66,7.74
487,Along,IN,2023-01-19 22:16:59,28.1667,94.7667,45.34,68,39,1.9
488,Rio Gallegos,AR,2023-01-19 22:17:00,-51.6226,-69.2181,69.85,43,75,29.93
489,Ulverstone,AU,2023-01-19 22:17:00,-41.15,146.1667,66.22,66,15,5.28
490,Nambutalai,IN,2023-01-19 22:17:01,9.7167,79.0,70.79,76,30,10.4
491,Terra Santa,BR,2023-01-19 22:17:01,-2.1042,-56.4869,75.22,93,94,2.37
492,Chhindwara,IN,2023-01-19 22:17:02,22.0667,78.9333,59.54,60,38,2.93
493,Dukat,RU,2023-01-19 22:17:02,62.55,155.55,-34.69,96,100,5.44
494,Mehamn,NO,2023-01-19 22:17:03,71.0357,27.8492,26.55,74,0,8.05
495,Mogadishu,SO,2023-01-19 22:17:04,2.0371,45.3438,77.36,82,85,21.34
496,Copala,MX,2023-01-19 22:17:04,16.65,-98.9833,80.62,61,66,7.7
497,Winnemucca,US,2023-01-19 22:17:04,40.973,-117.7357,30.25,69,75,17.27
498,Concordia,AR,2023-01-19 22:13:42,-31.393,-58.0209,98.67,32,40,11.5
499,Alice Springs,AU,2023-01-19 22:15:10,-23.7,133.8833,71.15,49,5,5.75
500,Johor Bahru,MY,2023-01-19 22:17:06,1.4655,103.7578,78.15,83,75,4.61
501,Alta Floresta,BR,2023-01-19 22:17:07,-9.8756,-56.0861,71.47,95,81,6.85
502,Imeni Poliny Osipenko,RU,2023-01-19 22:17:07,52.4201,136.4853,-20.52,97,100,8.63
503,Odienne,CI,2023-01-19 22:17:08,9.51,-7.5692,77.14,15,10,2.98
504,Miquelon,PM,2023-01-19 22:17:08,47.0975,-56.3814,35.6,92,88,8.32
505,Gayny,RU,2023-01-19 22:17:09,60.3071,54.3241,15.91,87,100,6.91
506,Candelaria,PH,2023-01-19 22:17:09,13.9311,121.4233,74.62,92,98,10.27
507,Hobyo,SO,2023-01-19 22:17:09,5.3505,48.5268,76.5,78,54,21.99
508,Bol,TD,2023-01-19 22:17:10,13.4586,14.7147,73.08,41,2,12.06
509,Canguaretama,BR,2023-01-19 22:17:10,-6.38,-35.1289,77.7,82,56,8.43
510,Morecambe,GB,2023-01-19 22:14:22,54.0684,-2.8611,41.0,92,24,4.0
511,Ocos,GT,2023-01-19 22:17:11,14.5094,-92.1933,84.38,65,0,11.05
512,Ekhabi,RU,2023-01-19 22:17:12,53.5102,142.9671,-31.02,94,55,10.56
513,Talakan,RU,2023-01-19 22:12:21,50.3167,130.3667,-26.59,98,99,4.56
514,Kitui,KE,2023-01-19 22:18:13,-1.367,38.0106,65.3,60,81,3.2
515,Bayshore Gardens,US,2023-01-19 22:18:14,27.4253,-82.5904,77.11,65,20,14.97
516,Shache,CN,2023-01-19 22:16:11,38.4167,77.2406,1.33,97,95,2.84
517,Inirida,CO,2023-01-19 22:18:14,3.8653,-67.9239,78.78,78,98,3.09
518,Hithadhoo,MV,2023-01-19 22:18:15,-0.6,73.0833,80.19,79,97,12.26
519,Hukuntsi,BW,2023-01-19 22:18:16,-24.0,21.75,78.1,43,66,7.63
520,Pevek,RU,2023-01-19 22:18:16,69.7008,170.3133,-18.81,93,100,15.17
521,Masallatah,LY,2023-01-19 22:18:17,32.6167,14.0,50.72,54,27,16.93
522,Gao,ML,2023-01-19 22:17:01,16.6362,1.637,69.69,13,0,11.14
523,Nhamunda,BR,2023-01-19 22:18:17,-2.1861,-56.7131,74.89,94,75,1.72
524,Manzanillo,CU,2023-01-19 22:18:18,20.3433,-77.1167,80.62,50,6,9.64
525,Balkhash,KZ,2023-01-19 22:18:18,46.844,74.9804,3.63,75,0,7.43
526,Sao Jose Da Coroa Grande,BR,2023-01-19 22:18:19,-8.8978,-35.1478,78.33,80,100,7.09
527,Menongue,AO,2023-01-19 22:18:19,-14.6585,17.691,63.03,92,99,2.19
528,Polewali,ID,2023-01-19 22:18:20,-3.4324,119.3435,75.47,89,99,3.02
529,Hanzhong,CN,2023-01-19 22:18:21,33.0728,107.0303,35.82,52,94,0.63
530,Boguchany,RU,2023-01-19 22:18:21,58.3814,97.4531,-29.63,93,100,6.69
531,Baijiantan,CN,2023-01-19 22:18:21,45.6333,85.1833,-8.95,98,36,3.36
532,Deniliquin,AU,2023-01-19 22:18:22,-35.5333,144.9667,64.06,56,0,7.56
533,Mawlaik,MM,2023-01-19 22:18:22,23.6333,94.4167,50.52,56,4,1.45
534,Zhezkazgan,KZ,2023-01-19 22:18:23,47.8043,67.7144,1.47,64,68,8.48
535,Stornoway,GB,2023-01-19 22:18:24,58.2093,-6.3865,34.03,89,20,2.3
536,Kazachinskoye,RU,2023-01-19 22:18:24,57.6953,93.2761,-12.24,98,100,8.32
537,Kumluca,TR,2023-01-19 22:18:25,36.3703,30.2869,56.07,76,1,4.85
538,Narsaq,GL,2023-01-19 22:18:25,60.9167,-46.05,26.82,95,100,4.85
539,Skjervoy,NO,2023-01-19 22:18:26,70.0311,20.9714,28.4,62,64,9.89
540,Vallenar,CL,2023-01-19 22:18:27,-28.5708,-70.7581,78.8,41,0,7.54
541,Vila,PT,2023-01-19 22:18:27,42.0304,-8.1588,45.48,96,100,9.37
542,Mehriz,IR,2023-01-19 22:18:28,31.5917,54.4318,30.7,70,2,3.58
543,Francisco Sa,BR,2023-01-19 22:18:28,-16.4758,-43.4883,78.94,84,49,3.69
544,Sao Miguel Do Iguacu,BR,2023-01-19 22:18:29,-25.3481,-54.2378,86.88,59,31,3.83
545,Esperance,AU,2023-01-19 22:18:29,-33.8667,121.9,59.23,80,0,10.09
546,Sabya,SA,2023-01-19 22:18:30,17.1495,42.6254,78.42,73,9,2.62
547,Asahikawa,JP,2023-01-19 22:18:30,43.7678,142.3703,18.61,93,75,3.44
548,Ketchikan,US,2023-01-19 22:18:29,55.3422,-131.6461,43.27,87,100,18.41
549,Verkhoyansk,RU,2023-01-19 22:18:31,67.5447,133.385,-51.43,100,98,1.81
550,Sinnamary,GF,2023-01-19 22:18:31,5.3833,-52.95,75.99,84,86,7.23
551,Aswan,EG,2023-01-19 22:18:32,24.0934,32.907,63.28,46,0,8.19
552,Barreiras,BR,2023-01-19 22:17:34,-12.1528,-44.99,70.56,95,100,4.83
553,Souillac,MU,2023-01-19 22:18:33,-20.5167,57.5167,77.38,94,75,6.91
554,Dalbandin,PK,2023-01-19 22:18:33,28.8947,64.4101,41.58,72,25,5.5
555,Sakakah,SA,2023-01-19 22:16:50,29.9697,40.2064,49.57,57,0,7.43
556,Burgeo,CA,2023-01-19 22:15:29,47.6167,-57.6152,35.6,98,100,5.77
557,Natal,BR,2023-01-19 22:13:43,-5.795,-35.2094,77.65,88,40,3.44
558,Termoli,IT,2023-01-19 22:13:57,41.9888,14.9895,45.79,55,100,15.66
559,Moindou,NC,2023-01-19 22:18:35,-21.6924,165.677,79.09,66,52,5.26
560,Henties Bay,NA,2023-01-19 22:19:35,-22.116,14.2845,65.61,88,78,5.93
561,Tirumullaivasal,IN,2023-01-19 22:19:36,11.2333,79.8333,74.68,70,99,9.98
562,Suraabad,AZ,2023-01-19 22:19:36,40.8192,49.4687,43.5,80,83,6.98
563,Opuwo,NA,2023-01-19 22:19:37,-18.0607,13.84,69.28,78,98,6.35
564,Moissala,TD,2023-01-19 22:19:37,8.3404,17.7663,77.02,21,50,5.48
565,Mutsu,JP,2023-01-19 22:19:38,41.2894,141.2169,33.57,79,12,9.04
566,Belyy Yar,RU,2023-01-19 22:19:38,53.6039,91.3903,13.89,74,40,8.95
567,Poum,NC,2023-01-19 22:19:38,-20.2333,164.0167,79.29,77,100,18.39
568,Gushikawa,JP,2023-01-19 22:19:39,26.3544,127.8686,60.03,87,75,0.0
569,Kenai,US,2023-01-19 22:19:39,60.5544,-151.2583,31.14,79,75,16.11
570,Saint-Georges,GD,2023-01-19 22:19:40,12.0564,-61.7485,76.95,78,44,16.98
571,Churapcha,RU,2023-01-19 22:19:40,62.0025,132.4325,-65.49,100,86,1.45
572,Lagoa,PT,2023-01-19 22:19:41,39.05,-27.9833,57.0,74,58,13.82
573,Tunceli,TR,2023-01-19 22:19:41,39.1083,39.5471,40.93,57,7,4.52
574,Zhigalovo,RU,2023-01-19 22:19:42,54.8097,105.1578,-19.77,98,100,2.04
575,Magrath,CA,2023-01-19 22:19:42,49.4167,-112.8686,37.54,55,55,10.36
576,Brae,GB,2023-01-19 22:19:43,60.3964,-1.353,40.98,74,77,22.59
577,Voi,KE,2023-01-19 22:19:44,-3.3945,38.563,70.41,90,75,4.03
578,Gravelbourg,CA,2023-01-19 22:19:45,49.8834,-106.5512,16.07,95,47,5.17
579,Kenora,CA,2023-01-19 22:19:45,49.8167,-94.4337,22.17,86,100,6.91
580,Huilong,CN,2023-01-19 22:19:46,31.8111,121.655,34.93,72,0,9.15
581,Coripata,BO,2023-01-19 22:19:46,-16.3,-67.6,70.29,63,89,3.29
582,Anchorage,US,2023-01-19 22:15:02,61.2181,-149.9003,34.2,84,100,9.22
583,Griffith,US,2023-01-19 22:19:47,41.5284,-87.4237,40.1,94,100,12.66
584,Mazagao,BR,2023-01-19 22:19:47,-0.115,-51.2894,80.65,88,88,3.78
585,Khrebtovaya,RU,2023-01-19 22:19:48,56.7032,104.2494,-35.99,100,100,2.46
586,Aginskoye,RU,2023-01-19 22:19:48,51.1,114.53,-19.52,96,100,0.67
587,Troitsko-Pechorsk,RU,2023-01-19 22:19:48,62.7084,56.1964,12.79,90,100,9.6
588,Tsabong,BW,2023-01-19 22:19:49,-26.0217,22.401,83.12,35,96,10.09
589,Teya,RU,2023-01-19 22:19:49,60.3778,92.6267,-21.95,95,100,6.31
590,Mujiayingzi,CN,2023-01-19 22:19:50,42.1167,118.7833,-1.57,58,0,5.79
591,Kropotkin,RU,2023-01-19 22:19:51,45.4375,40.5756,37.65,71,8,9.24
592,Omsukchan,RU,2023-01-19 22:19:51,62.5333,155.8,-31.67,96,100,5.66
593,Iisalmi,FI,2023-01-19 22:19:52,63.5592,27.1907,26.46,95,100,5.03
594,Suileng,CN,2023-01-19 22:19:52,47.25,127.0833,-16.35,89,100,9.93
595,Bad Wildungen,DE,2023-01-19 22:19:52,51.1196,9.1248,31.62,93,75,2.3
596,Qaqortoq,GL,2023-01-19 22:19:53,60.7167,-46.0333,25.93,92,100,2.84
597,Mechernich,DE,2023-01-19 22:19:53,50.6,6.65,33.12,84,98,5.95
598,Strezhevoy,RU,2023-01-19 22:19:54,60.7333,77.5889,-3.86,100,90,3.33
599,Catamarca,AR,2023-01-19 22:19:54,-28.4696,-65.7852,94.77,38,12,11.01
600,Canete,CL,2023-01-19 22:19:55,-37.8,-73.4,66.69,63,47,6.33
601,Laurinburg,US,2023-01-19 22:19:56,34.7741,-79.4628,73.36,65,100,16.11
602,Upata,VE,2023-01-19 22:19:56,8.0086,-62.3989,79.2,81,81,3.56
603,Khorramshahr,IR,2023-01-19 22:19:57,30.4397,48.1664,48.16,100,100,0.0
604,Anuradhapura,LK,2023-01-19 22:19:57,8.3565,80.4173,72.37,66,81,6.35
605,Chakradharpur,IN,2023-01-19 22:20:58,22.7,85.6333,56.61,63,0,1.81
606,Saint-Denis,FR,2023-01-19 22:20:58,48.9167,2.3333,36.75,94,75,8.05
607,Te Anau,NZ,2023-01-19 22:20:59,-45.4167,167.7167,57.47,92,100,3.36
608,Bella Vista,US,2023-01-19 22:20:59,36.4295,-94.2316,45.52,57,20,16.11
609,Kutum,SD,2023-01-19 22:21:00,14.2,24.6667,63.57,18,29,4.29
610,Haines Junction,CA,2023-01-19 22:21:00,60.7522,-137.5108,18.28,97,94,0.96
611,Riyadh,SA,2023-01-19 22:20:53,24.6877,46.7219,48.34,55,0,5.1
612,Carballo,ES,2023-01-19 22:21:01,43.213,-8.691,55.9,95,100,8.72
613,Amapa,BR,2023-01-19 22:21:01,1.0,-52.0,71.4,94,100,1.34
614,Vice,PE,2023-01-19 22:17:19,-5.4167,-80.7833,76.69,58,97,15.97
615,Makakilo City,US,2023-01-19 22:21:02,21.3469,-158.0858,80.35,66,0,8.05
616,Nuuk,GL,2023-01-19 22:21:03,64.1835,-51.7216,9.21,78,20,19.57
617,Angoche,MZ,2023-01-19 22:21:03,-16.2325,39.9086,77.52,87,81,5.12
618,Batesville,US,2023-01-19 22:21:04,35.7698,-91.641,52.21,41,0,10.0
619,Port Lincoln,AU,2023-01-19 22:18:41,-34.7333,135.8667,61.09,68,100,12.82
